{
    "fvd_styleganv": {
        "value": {
            "10": 606.7398264530736,
            "11": 358.9188242733202,
            "12": 450.9059664650065,
            "13": 424.4071727460263,
            "14": 499.1145415525247,
            "15": 211.98107480550027,
            "16": 314.3614665066267,
            "17": 549.9438408281858,
            "18": 807.7694232886859,
            "19": 538.5718483980777,
            "20": 708.5630078118609,
            "21": 389.20053982978993,
            "22": 383.56629746623844,
            "23": 185.48461747195825,
            "24": 228.38498401787243,
            "25": 677.3243332096333,
            "26": 677.7004896554779,
            "27": 472.4105264823795,
            "28": 473.49156730215935,
            "29": 566.2905011267704,
            "30": 454.2978748527194
        },
        "video_setting": [
            1,
            3,
            30,
            512,
            512
        ],
        "video_setting_name": "batch_size, channel, time, heigth, width"
    },
    "fvd_videogpt": {
        "value": {
            "10": 607.8759765625,
            "11": 359.948486328125,
            "12": 451.789306640625,
            "13": 425.3115539550781,
            "14": 500.2817687988281,
            "15": 212.6591033935547,
            "16": 314.65045166015625,
            "17": 550.8775634765625,
            "18": 810.4027099609375,
            "19": 539.9938354492188,
            "20": 709.696533203125,
            "21": 390.6220703125,
            "22": 384.57470703125,
            "23": 186.4254150390625,
            "24": 228.9652099609375,
            "25": 678.2088012695312,
            "26": 678.8448486328125,
            "27": 473.400146484375,
            "28": 474.9180908203125,
            "29": 568.193359375,
            "30": 454.4149169921875
        },
        "video_setting": [
            1,
            3,
            30,
            512,
            512
        ],
        "video_setting_name": "batch_size, channel, time, heigth, width"
    },
    "lpips": {
        "value": {
            "0": 0.14950156211853027,
            "1": 0.14945831894874573,
            "2": 0.14220789074897766,
            "3": 0.12849441170692444,
            "4": 0.13027024269104004,
            "5": 0.12824231386184692,
            "6": 0.1336873322725296,
            "7": 0.126590758562088,
            "8": 0.12574633955955505,
            "9": 0.11757995188236237,
            "10": 0.11712557077407837,
            "11": 0.11861078441143036,
            "12": 0.11917991936206818,
            "13": 0.11695258319377899,
            "14": 0.11853229999542236,
            "15": 0.11326060444116592,
            "16": 0.11083647608757019,
            "17": 0.11124292016029358,
            "18": 0.11587193608283997,
            "19": 0.11005426198244095,
            "20": 0.11481943726539612,
            "21": 0.1171388179063797,
            "22": 0.11871093511581421,
            "23": 0.12399439513683319,
            "24": 0.12711043655872345,
            "25": 0.13050054013729095,
            "26": 0.13135138154029846,
            "27": 0.13239698112010956,
            "28": 0.12846297025680542,
            "29": 0.12559284269809723
        },
        "value_std": {
            "0": 0.0,
            "1": 0.0,
            "2": 0.0,
            "3": 0.0,
            "4": 0.0,
            "5": 0.0,
            "6": 0.0,
            "7": 0.0,
            "8": 0.0,
            "9": 0.0,
            "10": 0.0,
            "11": 0.0,
            "12": 0.0,
            "13": 0.0,
            "14": 0.0,
            "15": 0.0,
            "16": 0.0,
            "17": 0.0,
            "18": 0.0,
            "19": 0.0,
            "20": 0.0,
            "21": 0.0,
            "22": 0.0,
            "23": 0.0,
            "24": 0.0,
            "25": 0.0,
            "26": 0.0,
            "27": 0.0,
            "28": 0.0,
            "29": 0.0
        },
        "video_setting": [
            30,
            3,
            512,
            512
        ],
        "video_setting_name": "time, channel, heigth, width"
    }
}